concept_id,label_de,label_en,parent_id
01,Geisteswissenschaften,Humanities,
01.010,Geisteswissenschaften allgemein,Humanities (general),01
01.010.0100,Geisteswissenschaften allgemein,Humanities (general),01.010
01.010.0120,Interdisziplinäre Studien (Schwerpunkt Geisteswissenschaften),Interdisciplinary Studies (Focus on Humanities),01.010
01.020,Evangelische Theologie,Protestant Theology,01
01.020.0200,Evang. Theologie allgemein,Protestant Theology (General),01.020
01.020.0210,Altes Testament (ev.),Old Testament (Protestant Theology),01.020
01.020.0215,Diakoniewissenschaft,Diaconal Science,01.020
01.020.0220,Neues Testament (ev.),New Testament (Protestant Theology),01.020
01.020.0230,Historische Theologie (ev.),Historical Theology (Protestant Theology),01.020
01.020.0240,Systematische Theologie (ev.),Systematic Theology (Protestant Theology),01.020
01.020.0250,Praktische Theologie und Religionspädagogik (ev.),Practical Theology And Religious Education (Protestant Theology),01.020
01.020.0260,Religionsgeschichte und Missionswissenschaft (ev.),History Of Religion And Missionary Studies (Protestant Theology),01.020
01.030,Katholische Theologie,Catholic Theology,01
01.030.0300,Kath. Theologie allgemein,Catholic Theology (general),01.030
01.030.0310,Biblische Theologie (kath.),Biblical Theology (Catholic Theology),01.030
01.030.0315,Caritaswissenschaft,Catholic Social Welfare Studies,01.030
01.030.0320,Historische Theologie (kath.),Historical Theology (Catholic Theology),01.030
01.030.0330,Systematische Theologie (kath.),Systematic Theology (Catholic Theology),01.030
01.030.0340,Praktische Theologie und Religionspädagogik (kath.),Practical Theology And Religious Education (Catholic Theology),01.030
01.030.0350,Kanonistik (kath.),Canon Law (Catholic Theology),01.030
01.030.0390,Altkatholische Theologie,Old Catholic Theology,01.030
01.040,Philosophie,Philosophy,01
01.040.0400,Philosophie allgemein,Philosophy (general),01.040
01.040.0410,Religionswissenschaft,Religious Studies,01.040
01.040.0420,Didaktik der Philosophie/der Ethik,Didactics Of Philosophy/Ethics,01.040
01.040.0425,Geschichte der Philosophie,History Of Philosophy,01.040
01.040.0426,Logik,Logic,01.040
01.040.0430,Wissenschaftsforschung/-lehre,Science Research/teaching,01.040
01.050,Geschichte,History,01
01.050.0500,Geschichte allgemein,History (general),01.050
01.050.0510,Ur- und Frühgeschichte,Prehistory And Early History,01.050
01.050.0520,Alte Geschichte,Ancient History,01.050
01.050.0530,Mittelalterliche Geschichte,Medieval History,01.050
01.050.0540,Neuere und neueste Geschichte,Recent And Recent History,01.050
01.050.0550,"Länder-, Landesgeschichte","Country, Regional History",01.050
01.050.0560,Wirtschafts- und Sozialgeschichte,Economic And Social History,01.050
01.050.0570,Archäologie,Archeology,01.050
01.050.0580,Didaktik der Geschichte,Didactics Of History,01.050
01.050.0585,Kultur- und Geistesgeschichte,Cultural And Intellectual History,01.050
01.050.0595,Wissenschaftsgeschichte/Technikgeschichte,History of Science/Technology,01.050
01.070,Informations- und Bibliothekswissenschaften,Information and Library Sciences,01
01.070.0700,Informations- und Bibliothekswissenschaften allgemein,Information and Library Sciences (General),01.070
01.070.0710,Bibliothekswissenschaft (nicht für Verwaltungs-FH),Library Science And Administration (not For College Of Administration),01.070
01.070.0720,Archiv- und Dokumentationswissenschaft,Archival and Documentation Science,01.070
01.070.0730,Informationswissenschaft,Information Science,01.070
01.080,Allgemeine und vergleichende Literatur- und Sprachwissenschaft,General And Comparative Literature And Linguistics,01
01.080.0800,Allgemeine und vergleichende Literatur- und Sprachwissenschaft allgemein,General And Comparative Literature And Linguistics (general),01.080
01.080.0810,Allgemeine und vergleichende Sprachwissenschaft,General And Comparative Linguistics,01.080
01.080.0820,Allgemeine und vergleichende Literaturwissenschaft,General And Comparative Literature,01.080
01.080.0830,"Angewandte Sprachwissenschaft, berufsbezogene Fremdsprachenausbildung","Applied Linguistics, Career-Oriented Foreign Language Training",01.080
01.080.0835,Computerlinguistik,Computational Linguistics,01.080
01.080.0840,Fremdsprachenausbildung (für Hörer aller Fakultäten),Foreign Language Training (for Students Of All Faculties),01.080
01.080.0845,Indogermanistik,Indo-European Linguistics/Studies,01.080
01.090,Altphilologie (klassische Philologie),Classical Philology,01
01.090.0900,Altphilologie allgemein,Classical Philology (general),01.090
01.090.0910,Griechische Philologie,Greek Philology,01.090
01.090.0920,Lateinische Philologie,Latin Philology,01.090
01.090.0930,Byzantinistik,Byzantine Studies,01.090
01.090.0940,Neugriechisch,Modern Greek,01.090
01.090.0950,Papyrologie,Papyrology,01.090
01.090.0960,Didaktik der Altphilologie,Didactics Of Classical Philology,01.090
01.100,"Germanistik (Deutsch, germanische Sprachen ohne Anglistik)","German Studies (German, Germanic Languages Excl. English)",01
01.100.1000,"Germanistik (Deutsch, germanische Sprachen ohne Anglistik) allgemein","German Studies (German, Germanic Languages Excl. English General)",01.100
01.100.1020,Skandinavistik,Scandinavian Studies,01.100
01.100.1030,Niederlandistik,Dutch Studies,01.100
01.100.1040,Deutsch als Fremdsprache oder als Zweitsprache,German As A Foreign Language Or As A Second Language,01.100
01.100.1050,Didaktik der deutschen Sprache,Didactics Of The German Language,01.100
01.100.1070,Sonstige germanische Sprachen (ohne Anglistik),Other Germanic Languages (except English Studies),01.100
01.100.1080,Deutsche Literaturwissenschaft,German Literary Studies,01.100
01.100.1090,Deutsche Sprachwissenschaft,German Linguistics,01.100
01.110,"Anglistik, Amerikanistik","English Studies, American Studies",01
01.110.1100,Anglistik,English Studies,01.110
01.110.1110,Amerikanistik,American Studies,01.110
01.110.1120,Didaktik des Englischen,Didactics Of English,01.110
01.110.1125,"Wirtschaftsenglisch, Englische Fachsprachen",Business English And Specialised English,01.110
01.120,Romanistik,Romance Studies,01
01.120.1200,Romanistik allgemein,Romance Studies (general),01.120
01.120.1210,Französische Sprach- und Literaturwissenschaft,French Language And Literature,01.120
01.120.1215,Didaktik des Französischen,Didactics Of French,01.120
01.120.1220,Italienische Sprach- und Literaturwissenschaft,Italian Linguistics And Literature,01.120
01.120.1225,Didaktik des Italienischen,Didactics Of Italian,01.120
01.120.1230,Iberoromanische Sprach- und Literaturwissenschaft,Ibero-romance Linguistics And Literature,01.120
01.120.1235,Didaktik des Spanischen,Didactics Of Spanish,01.120
01.120.1240,Sonstige romanische Sprachen,Other Romance Languages,01.120
01.130,"Slawistik, Baltistik, Finno-Ugristik","Slavic Studies, Baltic Studies, Finno-Ugric Studies",01
01.130.1300,"Slawistik, Baltistik, Finno-Ugristik allgemein","Slavic Studies, Baltic Studies, Finno-Ugric Studies (General)",01.130
01.130.1310,Slawistik allgemein,Slavic Studies (general),01.130
01.130.1315,Ostslawische Philologien,East Slavic Philologies,01.130
01.130.1320,Russische Sprach- und Literaturwissenschaft,Russian Linguistics And Literature,01.130
01.130.1340,Südslawische Philologien,South Slavic Philologies,01.130
01.130.1345,Westslawische Philologien,West Slavic Philologies,01.130
01.130.1346,Polnisch,Polish,01.130
01.130.1347,Sorabistik,Sorabic Studies,01.130
01.130.1348,Tschechisch,Czech,01.130
01.130.1350,Baltistik,Baltic Studies,01.130
01.130.1370,Finno-Ugristik,Finno-ugric Studies,01.130
01.130.1380,Balkanologie,Balkanology,01.130
01.140,Sonstige Sprach- und Kulturwissenschaften,Other Linguistic and Cultural Studies,01
01.140.1400,Sonstige Sprach- und Kulturwissenschaften allgemein,Other/Non-European Linguistics And Cultural Studies (General),01.140
01.140.1410,Ägyptologie,Egyptology,01.140
01.140.1420,Afrikanistik,African Studies,01.140
01.140.1430,Altorientalistik,Ancient Near Eastern Studies,01.140
01.140.1440,Sprachen und Kulturen des christlichen Orients,Languages And Cultures Of The Christian Orient,01.140
01.140.1445,Sprachen und Kulturen des Nahen und Mittleren Ostens,Languages And Cultures Of The Near And Middle East,01.140
01.140.1450,"Semitistik, Arabistik","Semitic Studies, Arabic Studies",01.140
01.140.1460,Judaistik/Hebräisch,Judaic Studies/hebrew,01.140
01.140.1465,Kaukasistik,Caucasian Studies,01.140
01.140.1470,Islamwissenschaft,Islamic Studies,01.140
01.140.1480,Iranistik,Iranian Studies,01.140
01.140.1490,Indologie,Indology,01.140
01.140.1495,Sprachen und Kulturen Ostasiens allgemein,Languages And Cultures Of East Asia (general),01.140
01.140.1510,Turkologie,Turkish Studies,01.140
01.140.1520,Sprachen und Kulturen Zentralasiens,Languages And Cultures Of Central Asia,01.140
01.140.1530,Sinologie,Sinology,01.140
01.140.1540,Japanologie,Japanology,01.140
01.140.1550,Koreanistik,Korean Studies,01.140
01.140.1560,Sprachen und Kulturen Südostasiens und Ozeaniens,Languages And Cultures Of Southeast Asia And Oceania,01.140
01.140.1570,Außereurop. Sprachen und Kulturen Amerikas,Non-european Languages And Cultures Of The Americas,01.140
01.140.1575,Außereurop. Sprachen und Kulturen Australiens,Non-European Languages And Cultures Of Australia,01.140
01.140.1576,Orientalistik allgemein,Oriental Studies (general),01.140
01.140.1610,Sonstige Sprachwissenschaften,Other Linguistics,01.140
01.160,Kulturwissenschaften i.e.S.,Cultural Studies I.e.s.,01
01.160.1580,Ethnologie,Ethnology,01.160
01.160.1590,Volkskunde,Folklore,01.160
01.160.1650,Allgemeine Kulturwissenschaft,General Cultural Studies,01.160
01.160.1660,Europäische Ethnologie,European Ethnology,01.160
01.195,Islamische Studien/Islamische Theologie,Islamic Studies/Islamic Theology,01
01.195.1950,Islamische Studien/Islamische Theologie,Islamic Studies/Islamic Theology,01.195
01.197,Medienwissenschaft,Media Studies,01
01.197.0130,Medienwissenschaft,Media Studies,01.197
02,Sport,Sports,
02.200,Sport,Sports (General),02
02.200.2000,Sportwissenschaften allgemein,Sports Science (general),02.200
02.200.2005,Didaktik des Sports,Didactics of Sports,02.200
02.200.2010,Sportmedizin,Sports Medicine,02.200
02.200.2020,Sportpädagogik/Sportpsychologie,Sports Pedagogy/sports Psychology,02.200
03,"Rechts-, Wirtschafts- und Sozialwissenschaften","Law, Economics And Social Sciences",
03.220,"Rechts-, Wirtschafts- und Sozialwissenschaften allgemein","Law, Economics And Social Sciences (General)",03
03.220.2200,"Rechts-, Wirtschafts- und Sozialwissenschaften allgemein","Law, Economics And Social Sciences (General)",03.220
03.220.2210,"Interdisziplinäre Studien (Schwerpunkt Rechts-, Wirtschafts- und Sozialwissenschaften)","Interdisciplinary Studies (Focus On Law, Economics And Social Sciences)",03.220
03.220.2230,Wirtschafts- und Sozialpolitik,Economic And Social Policy,03.220
03.225,Regionalwissenschaften,Regional Studies,03
03.225.2250,Afrika-Studien,African Studies,03.225
03.225.2255,Lateinamerika-Studien,Latin American Studies,03.225
03.225.2260,Nordamerika-Studien,North American Studies,03.225
03.225.2265,Naher und Mittlerer Osten-Studien,Near And Middle East,03.225
03.225.2270,Ostasien-Studien,East Asian Studies,03.225
03.225.2275,Südasien-Studien,South Asian Studies,03.225
03.225.2280,Südostasien und Ozeanien-Studien,Southeast Asia And Oceania,03.225
03.225.2285,Ost- und Südosteuropa-Studien,Eastern and Southeastern European Studies,03.225
03.225.2290,Nord- und Westeuropa-Studien,Northern and Western European Studies,03.225
03.230,Politikwissenschaft,Political Science,03
03.230.2300,Politikwissenschaft allgemein,Political Science (general),03.230
03.230.2350,"Internationale Politik, Internationale Beziehungen","International Politics, International Relations",03.230
03.230.2360,Politische Bildung,Political Education,03.230
03.230.2370,Politische Systeme,Political Systems,03.230
03.230.2380,Politische Theorie und Ideengeschichte,Political Theory and History of Ideas,03.230
03.235,Sozialwissenschaften/Soziologie,Social Sciences/Sociology,03
03.235.2320,Sozialwissenschaften/Soziologie allgemein,Social Sciences (general),03.235
03.235.2340,Bevölkerungswissenschaft (Demographie),Population Science (demography),03.235
03.235.2345,Sozialkunde,Social Studies,03.235
03.235.2355,Empirie und Methoden,Empirical Research and Methods,03.235
03.235.2365,Soziologische Theorie,Sociological Theory,03.235
03.235.2375,Spezielle Soziologien,Specialized Sociologies,03.235
03.240,Sozialwesen,Social Affairs,03
03.240.2400,Sozialwesen allgemein,Social Services (General),03.240
03.240.2410,Soziale Arbeit,Social Work,03.240
03.240.2420,Sozialpädagogik,Social Pedagogy,03.240
03.250,Rechtswissenschaften,Law (General),03
03.250.2500,Rechtswissenschaften allgemein,Jurisprudence (General),03.250
03.250.2510,Rechtsgeschichte,History Of Law,03.250
03.250.2515,Rechtsinformatik,Legal Informatics,03.250
03.250.2520,Rechts- und Staatsphilosophie,Philosophy Of Law And Government,03.250
03.250.2530,Rechtssoziologie,Sociology Of Law,03.250
03.250.2540,Kirchenrecht,Canon/Ecclesiastical Law,03.250
03.250.2545,Kriminologie,Criminology,03.250
03.250.2550,Privatrecht (ohne Arbeitsrecht),Civil Law (excl. Labour Law),03.250
03.250.2560,Öffentliches Recht,Public Law,03.250
03.250.2570,Strafrecht,Criminal Law,03.250
03.250.2580,Internationales Recht und Rechtsvergleichung,International Law And Comparative Law,03.250
03.250.2590,Steuerrecht,Tax Law,03.250
03.250.2620,Handelsrecht,Commercial Law,03.250
03.250.2630,Arbeitsrecht,Employment Law,03.250
03.250.2640,Wirtschaftsrecht,Economic/Business Law,03.250
03.250.2650,Prozessrecht,Procedural Law,03.250
03.250.2665,Europarecht,European Law,03.250
03.250.2670,Bürgerliches Recht,Civil Law,03.250
03.250.2680,Sozialrecht,Social Welfare Law,03.250
03.250.2690,Versicherungsrecht,Insurance Law,03.250
03.270,Verwaltungswissenschaften,Administrative Sciences,03
03.270.2610,Rechtspflege,Administration Of Justice,03.270
03.270.2700,Verwaltungswissenschaft allgemein,Public Administration (General),03.270
03.270.2710,Arbeits- und Berufsberatung,Employment And Career Counseling,03.270
03.270.2711,Archivwesen,Archive Studies,03.270
03.270.2712,Bibliothekswesen,Librarianship,03.270
03.270.2720,Arbeitsverwaltung,Employment Administration,03.270
03.270.2730,Auswärtige Angelegenheiten,Foreign Affairs,03.270
03.270.2740,Bankwesen,Banking,03.270
03.270.2750,Bundeswehrverwaltung,Federal Armed Forces Administration,03.270
03.270.2760,Finanzverwaltung,Financial Management,03.270
03.270.2770,Allgemeine innere Verwaltung,General Internal Administration,03.270
03.270.2780,Justizvollzug,Correctional System,03.270
03.270.2790,Polizei/Verfassungsschutz,Police/constitutional Protection,03.270
03.270.2810,Post- und Fernmeldewesen,Post And Telecommunications,03.270
03.270.2820,Sozialverwaltung,Social Administration,03.270
03.270.2830,Verkehrswesen,Transport,03.270
03.270.2840,Zoll- und Steuerverwaltung,Customs And Tax Administration,03.270
03.290,Wirtschaftswissenschaften,Economics And Business,03
03.290.2815,Tourismuswirtschaft,Tourism,03.290
03.290.2835,Versicherungswesen,Insurance,03.290
03.290.2900,Wirtschaftswissenschaften allgemein,Economics And Business (general),03.290
03.290.2905,Umweltwirtschaft/Umweltökonomie,Environmental Economy/environmental Economics,03.290
03.290.2910,Wirtschaftspädagogik,Business Education,03.290
03.290.2915,Wirtschaftsstatistik,Economic Statistics,03.290
03.290.2920,Wirtschaftsinformatik (für Wirtschaftsingenieure),Business Informatics (for Industrial Engineers),03.290
03.290.2925,Sportmanagement/Sportökonomie,Sports Management/sports Economics,03.290
03.290.2930,Volkswirtschaftslehre,Economics,03.290
03.290.2935,Wirtschaftsinformatik (für Wirtschaftswissenschaften),Business Informatics (for Economists),03.290
03.290.2936,Wirtschaftsmathematik,Economics-related Mathematics,03.290
03.290.2940,Ökonometrie,Econometrics,03.290
03.290.2960,Betriebswirtschaftslehre,Business Administration,03.290
03.290.2966,Internationale Wirtschaft,International Economy,03.290
03.290.2971,Verkehrswirtschaft,Transport Economics,03.290
03.290.2980,Finanzwissenschaft,Finance,03.290
03.290.2985,Medienwirtschaft/Medienmanagement,Media Economy/media Management,03.290
03.290.3010,Arbeitslehre/-wissenschaft,Ergonomics / Occupational Science,03.290
03.310,Wirtschaftsingenieurwesen mit wirtschaftswissenschaftlichem Schwerpunkt,Industrial Engineering (Economics Focus),03
03.310.3100,Wirtschaftsingenieurwesen mit wirtschaftswissenschaftlichem Schwerpunkt,Industrial Engineering (Economics Focus),03.310
03.310.3110,Facility Management,Facility Management,03.310
03.315,Psychologie,Psychology,03
03.315.1700,Psychologie allgemein,Psychology (general),03.315
03.315.1710,"Differentielle Psychologie, Persönlichkeitspsychologie und Diagnostik","Differential Psychology, Personality Psychology And Diagnostics",03.315
03.315.1715,"Arbeits-, Organisations- und Wirtschaftspsychologie","Industrial, Organizational And Business Psychology",03.315
03.315.1720,Entwicklungspsychologie,Developmental Psychology,03.315
03.315.1725,Pädagogische Psychologie,Educational Psychology,03.315
03.315.1730,Sozialpsychologie,Social Psychology,03.315
03.315.1740,"Klinische Psychologie, Diagnostik und Psychotherapie","Clinical Psychology, Diagnostics And Psychotherapy",03.315
03.315.1750,Allgemeine und kognitive Psychologie,General And Cognitive Psychology,03.315
03.315.1760,Biologische und Neuropsychologie,Biological And Neuropsychology,03.315
03.315.1770,Methoden und Evaluation der Psychologie,Methods and Evaluation in Psychology,03.315
03.320,Erziehungswissenschaften,Educational Sciences,03
03.320.1800,Erziehungswissenschaften allgemein,Educational Science (general),03.320
03.320.1801,Didaktik,Didactics,03.320
03.320.1802,Empirische Bildungsforschung,Empirical Educational Research,03.320
03.320.1803,Grundschul- und Primarstufenpädagogik,Elementary School And Primary Level Pedagogy,03.320
03.320.1804,Historische Bildungsforschung,Historical Educational Research,03.320
03.320.1805,Berufs- und Wirtschaftspädagogik,Vocational And Business Education,03.320
03.320.1806,Sonderpädagogik,Special Education,03.320
03.320.1820,Erwachsenenbildung,Adult Education,03.320
03.320.1825,Pädagogische Freizeitforschung und Sportpädagogik,Pedagogical Leisure Research And Sports Pedagogy,03.320
03.320.1826,Pädagogik der frühen Kindheit,Pedagogy Of Early Childhood,03.320
03.320.1827,Schulpädagogik,School Pedagogy,03.320
03.320.1828,Kultur- und Medienpädagogik,Culture And Media Education,03.320
03.320.1829,Interkulturelle und International Vergleichende Erziehungswissenschaft,Intercultural And International Comparative Education,03.320
03.325,Kommunikationswissenschaft/Publizistik,Communication Studies/Journalism,03
03.325.2240,Kommunikationswissenschaft/Publizistik,Communication/Media Studies,03.325
04,"Mathematik, Naturwissenschaften","Mathematics, Natural Sciences",
04.330,"Mathematik, Naturwissenschaften allgemein","Mathematics, Natural Sciences (General)",04
04.330.3300,"Mathematik, Naturwissenschaften allgemein","Mathematics, Natural Sciences (General)",04.330
04.330.3315,"Naturwissenschaftliche Fachdidaktiken, soweit nicht aufteilbar",Specialised Didactics Of Natural Sciences,04.330
04.330.3320,Interdisziplinäre Studien (Schwerpunkt Naturwissenschaft),Interdisciplinary Studies (focus On Natural Sciences),04.330
04.330.3330,Statistik,Statistics,04.330
04.340,Mathematik,Mathematics,04
04.340.3400,Mathematik allgemein,Mathematics (general),04.340
04.340.3440,"Algebra, Diskrete Mathematik und Zahlentheorie","Algebra, Discrete Mathematics and Number Theory",04.340
04.340.3445,Analysis,Mathematical Analysis,04.340
04.340.3450,Didaktik der Mathematik,Didactics Of Mathematics,04.340
04.340.3460,Geometrie und Topologie,Geometry and Topology,04.340
04.340.3470,Mathematik in Naturwissenschaften und Technik,Mathematics in Natural Sciences and Engineering,04.340
04.340.3480,"Mathematische Stochastik, Finanz- und Versicherungsmathematik","Mathematical Stochastics, Finance and Insurance Mathematics",04.340
04.340.3490,Numerische Mathematik und Mathematische Optimierung,Numerical Mathematics and Mathematical Optimization,04.340
04.360,"Physik, Astronomie","Physics, Astronomy",04
04.360.3600,"Physik, Astronomie allgemein","Physics, Astronomy (General)",04.360
04.360.3636,"Elementarteilchen, Kerne und Felder","Elementary Particles, Nuclei and Fields",04.360
04.360.3637,"Optik, Quantenoptik, Physik der Atome, Moleküle und Plasmen","Optics, Quantum Optics, Atomic, Molecular and Plasma Physics",04.360
04.360.3650,Didaktik der Physik,Didactics Of Physics,04.360
04.360.3660,"Statistische und Biologische Physik, nichtlineare Dynamik und weiche Materie","Statistical and Biological Physics, Nonlinear Dynamics and Soft Matter",04.360
04.360.3670,Chemische Physik und Polymerphysik,Chemical Physics and Polymer Physics,04.360
04.360.3680,"Festkörper-, Oberflächen- und Materialphysik","Solid State, Surface and Materials Physics",04.360
04.360.3690,Astrophysik und Astronomie,"Astronomy, Astrophysics",04.360
04.370,Chemie,Chemistry,04
04.370.3700,Chemie allgemein,Chemistry (general),04.370
04.370.3710,Anorganische Chemie,Inorganic Chemistry,04.370
04.370.3720,Organische Chemie,Organic Chemistry,04.370
04.370.3730,Physikalische Chemie,Physical Chemistry,04.370
04.370.3740,Technische Chemie,Technical Chemistry,04.370
04.370.3750,Analytische Chemie,Analytical Chemistry,04.370
04.370.3760,Biochemie (für Chemiker),Biochemistry (for Chemists),04.370
04.370.3770,Makromolekulare Chemie,Macromolecular Chemistry,04.370
04.370.3780,Nuklearchemie,Nuclear Chemistry,04.370
04.370.3790,Theoretische Chemie,Theoretical Chemistry,04.370
04.370.3800,Didaktik der Chemie,Didactics Of Chemistry,04.370
04.370.3810,Lebensmittelchemie,Food Chemistry,04.370
04.370.3820,Materialchemie,Materials Chemistry,04.370
04.370.3830,Elektrochemie,Electrochemistry,04.370
04.370.3840,Oberflächen- und Nanochemie,Surface And Nanochemistry,04.370
04.370.3850,Umwelt- und Atmosphärenchemie,Environmental And Atmospheric Chemistry,04.370
04.390,Pharmazie,Pharmacy,04
04.390.3900,Pharmazie allgemein,Pharmacy (general),04.390
04.390.3910,Pharmazeutische Biologie/Pharmakognosie,Pharmaceutical Biology/pharmacognosy,04.390
04.390.3920,Pharmazeutische Chemie,Pharmaceutical Chemistry,04.390
04.390.3930,Pharmazeutische Technologie,Pharmaceutical Technology,04.390
04.390.3940,Pharmakologie und Toxikologie (Pharmazie),Pharmacology And Toxicology (pharmacy),04.390
04.390.3950,Klinische Pharmazie,Clinical Pharmacy,04.390
04.400,Biologie,Biology,04
04.400.4000,Biologie allgemein,Biology (general),04.400
04.400.4010,Genetik,Genetics,04.400
04.400.4020,Mikrobiologie,Microbiology,04.400
04.400.4030,Biophysik,Biophysics,04.400
04.400.4035,Biotechnologie (für Biologen),Biotechnology (for Biologists),04.400
04.400.4040,Botanik,Botany,04.400
04.400.4050,Zoologie,Zoology,04.400
04.400.4060,Anthropologie (Humanbiologie),Anthropology (human Biology),04.400
04.400.4065,Biochemie (für Biologen),Biochemistry (for Biologists),04.400
04.400.4070,Didaktik der Biologie,Didactics Of Biology,04.400
04.400.4080,Neurobiologie,Neurobiology,04.400
04.400.4090,Ökologie,Ecology,04.400
04.410,Geowissenschaften (ohne Geographie),Earth Sciences (excluding Geography),04
04.410.4100,Geowissenschaften allgemein,Geosciences (general),04.410
04.410.4110,Geologie,Geology,04.410
04.410.4120,Paläontologie,Paleontology,04.410
04.410.4130,Mineralogie,Mineralogy,04.410
04.410.4135,Ozeanographie,Oceanography,04.410
04.410.4140,"Petrologie, -graphie","Petrology, -Graphy",04.410
04.410.4150,Geophysik,Geophysics,04.410
04.410.4155,Hydrologie,Hydrology,04.410
04.410.4160,Meteorologie,Meteorology,04.410
04.410.4170,Kristallographie,Crystallography,04.410
04.410.4180,Geochemie,Geochemistry,04.410
04.410.4190,Geoökologie,Geoecology,04.410
04.420,Geographie,Geography,04
04.420.4200,Geographie allgemein,Geography (general),04.420
04.420.4205,Geoinformatik/Geoinformationssysteme,Geoinformatics/geoinformation Systems,04.420
04.420.4210,Physische Geographie,Physical Geography,04.420
04.420.4215,Wirtschafts- und Sozialgeographie,Economic And Social Geography,04.420
04.420.4220,Anthropogeographie,Anthropogeography,04.420
04.420.4230,Geographische Länder- und Landschaftskunde,Geographic Area Studies And Regional Geography,04.420
04.420.4240,Landschaftsökologie/Biogeographie,Landscape Ecology/Biogeography,04.420
04.420.4250,Didaktik der Geographie,Didactics Of Geography,04.420
05,Humanmedizin/Gesundheitswissenschaften,Human Medicine/health Sciences,
05.440,Humanmedizin allgemein,Human Medicine (general),05
05.440.4400,Humanmedizin allgemein,Human Medicine (general),05.440
05.440.4410,Didaktik der Medizin,Medical Didactics,05.440
05.445,Gesundheitswissenschaften,Health Sciences,05
05.445.4450,Gesundheitswissenschaften allgemein,Health Sciences (general),05.445
05.445.4451,Gesundheitspädagogik,Health Education,05.445
05.445.4453,Gesundheitswissenschaft/-management,Health Science/management,05.445
05.445.4455,Nichtärztliche Heilberufe/Therapien,Non-medical Health Care Professions / Therapies,05.445
05.445.4457,Pflegewissenschaft/-management,Nursing Science/management,05.445
05.445.4459,Gesundheitsökonomie,Health Economics,05.445
05.450,Vorklinische Humanmedizin (einschl. Zahnmedizin),Pre-clinical Human Medicine (including Dentistry),05
05.450.4500,Vorklinische Humanmedizin allgemein,Preclinical Human Medicine (general),05.450
05.450.4510,Medizinische Physik,Medical Physics,05.450
05.450.4520,Medizinische Chemie,Medicinal Chemistry,05.450
05.450.4530,Medizinische Biologie,Medical Biology,05.450
05.450.4540,Physiologie,Physiology,05.450
05.450.4550,Physiologische Chemie (Biochemie),Physiological Chemistry (biochemistry),05.450
05.450.4560,Anatomie,Anatomy,05.450
05.450.4580,Medizinische Psychologie,Medical Psychology,05.450
05.450.4585,Medizinische Soziologie,Medical Sociology,05.450
05.450.4590,Medizinische Terminologie,Medical Terminology,05.450
05.450.4595,Radiologie/Strahlentherapie/Nuklearmedizin,Radiology/radiation Therapy/nuclear Medicine,05.450
05.450.4610,Vorklinische Zahnheilkunde,Preclinical Dentistry,05.450
05.470,Klinisch-Theoretische Humanmedizin (einschl. Zahnmedizin),Clinical-theoretical Human Medicine (including Dentistry),05
05.470.4525,Medizinische Informatik (nur für Mediziner),Medical Informatics (only For Physicians),05.470
05.470.4700,Klinisch-Theoretische Humanmedizin allgemein,Clinical Theoretical Human Medicine (general),05.470
05.470.4705,Arbeitsmedizin (klinisch-theoretisch),Occupational Medicine (Theoretical/Clinical),05.470
05.470.4710,"Pathologie, Neuropathologie","Pathology, Neuropathology",05.470
05.470.4715,Pharmakologie und Toxikologie (medizinisch),Pharmacology And Toxicology (medical),05.470
05.470.4716,Präventiv- und Vorsorgemedizin,Preventive And Precautionary Medicine,05.470
05.470.4720,Biomathematik (für Mediziner),Biomathematics (for Physicians),05.470
05.470.4725,Biomedizinische Technik,Biomedical Technology,05.470
05.470.4730,Klinische Chemie und Hämatologie,Clinical Chemistry And Haematology,05.470
05.470.4732,Klinische Krebsforschung und molekulare Tumorforschung,Clinical Cancer Research And Molecular Tumor Research,05.470
05.470.4735,Medizinische Balneologie und Klimatologie,Medical Balneology And Climatology,05.470
05.470.4736,Medizinische Biophysik und Elektronenmikroskopie,Medical Biophysics And Electron Microscopy,05.470
05.470.4737,Medizinische Statistik und Dokumentation,Medical Statistics And Documentation,05.470
05.470.4738,Parasitologie,Parasitology,05.470
05.470.4740,"Radiologie (diagnostisch, ohne Betten)","Radiology (Diagnostic, Without Beds)",05.470
05.470.4745,Epidemiologie,Epidemiology,05.470
05.470.4750,Humangenetik,Human Genetics,05.470
05.470.4760,Geschichte der Medizin,History Of Medicine,05.470
05.470.4770,Rechtsmedizin,Forensic Medicine,05.470
05.470.4775,Sexualmedizin,Sex Medicine,05.470
05.470.4776,Sozialmedizin (klinisch-theoretisch),Social Medicine (Clinical-Theoretical),05.470
05.470.4780,Hygiene und medizinische Mikrobiologie,Hygiene and Medical Microbiology,05.470
05.470.4790,Virologie,Virology,05.470
05.470.4810,Immunologie,Immunology,05.470
05.470.4820,Experimentelle Medizin/Medizinforschung (ohne klinische Medizin),Experimental Medicine/medical Research (excluding Clinical Medicine),05.470
05.490,Klinisch-Praktische Humanmedizin (ohne Zahnmedizin),Clinical-practical Human Medicine (without Dentistry),05
05.490.4900,Klinisch-Praktische Humanmedizin allgemein,Clinical Practice Human Medicine (general),05.490
05.490.4910,Allgemeinmedizin,General Medicine,05.490
05.490.4920,Pathologie (klinisch-praktisch),Pathology (Clinical/Practical),05.490
05.490.4930,Pharmakologie (klinisch-praktisch),Pharmacology (Clinical/Practical),05.490
05.490.4935,Sportmedizin (klinisch-praktisch),Sports Medicine (clinical-practical),05.490
05.490.4936,Tumorzentrum und Transfusionsmedizin,Tumor Center And Transfusion Medicine,05.490
05.490.4940,Innere Medizin,Internal Medicine,05.490
05.490.4950,Kinderheilkunde,Paediatrics,05.490
05.490.4960,Dermato-Venerologie,Dermatovenereology,05.490
05.490.4970,Urologie,Urology,05.490
05.490.4980,Chirurgie,Surgery,05.490
05.490.4990,Gynäkologie,Gynecology,05.490
05.490.5010,Orthopädie,Orthopedics,05.490
05.490.5015,Physikalische Medizin,Physical Medicine,05.490
05.490.5020,Augenheilkunde,Ophthalmology,05.490
05.490.5030,"Hals-, Nasen-, Ohrenheilkunde",Otorhinolaryngology,05.490
05.490.5040,Neurologie,Neurology,05.490
05.490.5050,Psychiatrie,Psychiatry,05.490
05.490.5060,Psychosomatische Medizin und Psychotherapie,Psychosomatic Medicine And Psychotherapy,05.490
05.490.5070,Anästhesiologie,Anesthesiology,05.490
05.490.5080,Rehabilitation,Rehabilitation,05.490
05.490.5090,Arbeitsmedizin (klinisch-praktisch),Occupational Medicine (clinical Practice),05.490
05.490.5110,Sozialmedizin (klinisch-praktisch),Social Medicine (Clinical-Practical),05.490
05.490.5120,Geriatrie/Gerontologie,Geriatrics/gerontology,05.490
05.490.5130,Neurochirurgie,Neurosurgery,05.490
05.490.5140,Rheumatologie,Rheumatology,05.490
05.490.5150,Radiologie/Strahlentherapie/Nuklearmedizin (mit Betten),Radiology/radiation Therapy/nuclear Medicine (with Beds),05.490
05.490.5160,Kinder- und Jugendpsychiatrie,Child And Adolescent Psychiatry,05.490
05.520,Zahnmedizin (klinisch-praktisch),Dentistry (clinical-practical),05
05.520.5200,Zahnmedizin allgemein,Dentistry (general),05.520
05.520.5210,Zahnerhaltung und Parodontologie,Tooth Preservation And Periodontology,05.520
05.520.5220,Zahnärztliche Prothetik,Dental Prosthetics,05.520
05.520.5230,"Zahn-, Mund- und Kieferchirurgie","Dental, Oral And Maxillofacial Surgery",05.520
05.520.5240,Kieferorthopädie,Orthodontics,05.520
07,"Agrar-, Forst- und Ernährungswissenschaften, Veterinärmedizin","Agricultural, Forestry And Nutritional Sciences, Veterinary Medicine",
07.540,Veterinärmedizin allgemein,Veterinary Medicine (general),07
07.540.5400,Veterinärmedizin allgemein,Veterinary Medicine (general),07.540
07.550,Vorklinische Veterinärmedizin,Preclinical Veterinary Medicine,07
07.550.5500,Vorklinische Veterinärmedizin allgemein,Preclinical Veterinary Medicine (general),07.550
07.550.5510,"Anatomie, Embryologie und Histologie","Anatomy, Embryology And Histology",07.550
07.550.5520,"Physiologie, Biochemie und Ernährungsphysiologie","Physiology, Biochemistry And Nutritional Physiology",07.550
07.550.5530,"Tierschutz, Mediz. Terminologie, Geschichte der Veterinärmedizin","Animal Welfare, Medical Terminology, History Of Veterinary Medicine",07.550
07.550.5535,Veterinärmedizinische Zoologie und Hydrobiologie,Veterinary Zoology And Hydrobiology,07.550
07.560,Klinisch-Theoretische Veterinärmedizin,Clinical-theoretical Veterinary Medicine,07
07.560.5600,Klinisch-Theoretische Veterinärmedizin allgemein,Clinical Theoretical Veterinary Medicine (general),07.560
07.560.5610,"Tierzucht, vet.-med. Genetik und Zuchthygiene","Animal Breeding, Vet.-Med. Genetics And Breeding Hygiene",07.560
07.560.5620,"Tierernährung, allgemeine Landwirtschaftslehre, Verhaltenskunde","Animal Nutrition, General Agricultural Theory, Behavioral Science",07.560
07.560.5630,Veterinärmedizinische Pathologie,Veterinary Pathology,07.560
07.560.5640,"Mikrobiologie, Virologie, Tierhygiene und Tierseuchenbekämpfung","Microbiology, Virology, Animal Hygiene And Animal Disease Control",07.560
07.560.5650,"Parasitologie, Tropenveterinärmedizin","Parasitology, Tropical Veterinary Medicine",07.560
07.560.5660,"Pharmakolologie, Toxikologie und Arzneiverordnungslehre","Parmacology, Toxicology And Medical Prescription Theory",07.560
07.560.5670,"Fleisch-, Lebensmittel- und Milchhygiene","Meat, Food And Dairy Hygiene",07.560
07.560.5680,Versuchstierkunde und Fischkunde einschl. Krankheiten,Laboratory Animals And Ichthyology Incl. Diseases,07.560
07.580,Klinisch-Praktische Veterinärmedizin,Clinical-practical Veterinary Medicine,07
07.580.5800,Klinisch-Praktische Veterinärmedizin allgemein,Clinical Practice Veterinary Medicine (general),07.580
07.580.5810,Tierklinik allgemein,Veterinary Clinic (general),07.580
07.580.5820,Veterinärmedizinische Chirurgie,Veterinary Surgery,07.580
07.580.5830,Veterinärmedizinische Geburtshilfe und Gynäkologie,Veterinary Obstetrics and Gynecology,07.580
07.580.5840,Andrologie und Haustierbesamung,Andrology And Domestic Animal Insemination,07.580
07.580.5850,Gerichtliche Veterinärmedizin,Forensic Veterinary Medicine,07.580
07.580.5860,Innere Veterinärmedizin einschl. Labordiagnostik,Internal Veterinary Medicine Including Laboratory Diagnostics,07.580
07.580.5870,Krankheiten der Pferde,Equine Diseases,07.580
07.580.5880,Krankheiten der Rinder,Bovine Diseases,07.580
07.580.5890,Krankheiten der kleinen Klauentiere,Diseases Of Small Ruminants,07.580
07.580.5910,Krankheiten der kleinen Haustiere,Diseases Of Small Domestic Animals,07.580
07.580.5920,Krankheiten des Geflügels,Poultry Diseases,07.580
07.610,"Agrar-, Forst- und Ernährungswissenschaften allgemein","Agricultural, Forestry And Nutritional Sciences In General",07
07.610.6100,"Agrar-, Forst- und Ernährungswissenschaften allgemein","Agricultural, Forestry And Nutritional Sciences In General",07.610
07.610.6105,Angewandte Biotechnologie,Applied Biotechnology,07.610
07.610.6106,Angewandte Maschinenbautechnik,Applied Mechanical Engineering,07.610
07.610.6107,Angewandte Naturwissenschaften,Applied Natural Sciences,07.610
07.610.6108,Angewandte Verfahrenstechnik,Applied Process Engineering,07.610
07.615,"Landespflege, Umweltgestaltung","Land Management, Environmental Design",07
07.615.6310,Landespflege allgemein,Landscape Management (General),07.615
07.615.6315,Landschaftsarchitektur (ohne Gartenbau),Landscape Architecture (excluding Horticulture),07.615
07.615.6320,Landschaftsökologie,Landscape Ecology,07.615
07.615.6330,Landschaftsplanung und Landschaftsentwicklung,Landscape Planning And Landscape Development,07.615
07.615.6340,Meliorationswesen,Land Improvement (Melioration),07.615
07.615.6350,Naturschutz,Nature Conservation,07.615
07.620,"Agrarwissenschaften, Lebensmittel- und Getränketechnologie","Agricultural Sciences, Food And Beverage Technology",07
07.620.6200,Agrarwissenschaften allgemein,Agricultural Sciences (general),07.620
07.620.6205,Agrarbiologie,Agricultural Biology,07.620
07.620.6210,Agrartechnik,Agricultural Technology,07.620
07.620.6220,Pflanzenproduktion,Crop Production,07.620
07.620.6230,Tierproduktion,Animal Production,07.620
07.620.6235,Weinbau- und Kellerwirtschaft,Enology And Cellar Management,07.620
07.620.6240,Wirtschafts- und Sozialwissenschaften des Landbaus,Agricultural Economics And Social Sciences,07.620
07.620.6250,Lebensmitteltechnologie/Getränketechnologie,Food Technology/beverage Technology,07.620
07.620.6255,Milch- und Molkereiwirtschaft,Dairy And Dairy Farming,07.620
07.620.6260,Brauwesen/Getränketechnik,Brewing/beverage Technology,07.620
07.620.6300,Gartenbau,Horticulture,07.620
07.640,"Forstwissenschaft, Holzwirtschaft","Forestry, Timber Industry",07
07.640.6400,"Forstwissenschaft, Holzwirtschaft allgemein","Forest Science, Timber Industry In General",07.640
07.640.6410,Forstliche Grundlagenwissenschaften,Basic Forest Sciences,07.640
07.640.6415,Holzwirtschaft,Timber Industry,07.640
07.640.6420,Forstliche Fachwissenschaften,Forest Sciences,07.640
07.640.6430,Holzwissenschaften,Wood Science,07.640
07.650,Ernährungs- und Haushaltswissenschaften,Nutritional And Household Sciences,07
07.650.6500,Ernährungs- und Haushaltswissenschaften allgemein,Nutritional And Household Sciences (general),07.650
07.650.6510,Haushaltswissenschaften,Domestic Science,07.650
07.650.6520,Ernährungswissenschaften,Nutritional Sciences,07.650
08,Ingenieurwissenschaften,Engineering,
08.670,Ingenieurwissenschaften allgemein,Engineering (general),08
08.670.6700,Ingenieurwissenschaften allgemein,Engineering (general),08.670
08.670.6710,Polytechnik/Arbeitslehre,Crafts Education / Ergonomics,08.670
08.670.6720,Technisches Gesundheitswesen,Public Health Engineering,08.670
08.670.6740,Interdisziplinäre Studien (Schwerpunkt Ingenieurwesen - ohne Mechatronik),Interdisciplinary Studies (Engineering Focus - excluding Mechatronics),08.670
08.670.6750,Mechatronik,Mechatronics,08.670
08.670.6780,Medientechnik,Media Technology,08.670
08.670.6790,Regenerative Energien,Renewable Energies,08.670
08.675,Wirtschaftsingenieurwesen mit ingenieurwissenschaftlichem Schwerpunkt,Industrial Engineering (Engineering Focus),08
08.675.6755,Wirtschaftsingenieurwesen mit ingenieurwissenschaftlichem Schwerpunkt,Industrial Engineering (Engineering Focus),08.675
08.680,"Bergbau, Hüttenwesen","Mining, Metallurgy",08
08.680.6800,"Bergbau, Hüttenwesen allgemein","Mining, Metallurgy (General)",08.680
08.680.6810,Bergbau und mineralische Rohstoffwirtschaft,Mining And Mineral Raw Material Management,08.680
08.680.6820,Bergtechnik,Mining Technique,08.680
08.680.6830,Bergbauliche Betriebswirtschaft,Mining Business Administration,08.680
08.680.6840,"Bergwirtschaft, Bergrecht","Mining Economy, Mining Law",08.680
08.680.6845,Hütten- und Gießereiwesen,Metallurgy And Foundry Studies,08.680
08.680.6850,"Markscheidewesen, Bergschadenkunde, Geophysik im Bergbau","Mine Surveying, Mining Damage, Geophysics In Mining",08.680
08.680.6855,Metallurgie,Metallurgy,08.680
08.680.6860,Aufbereitung und Veredelung,Preparation And Refinement,08.680
08.680.6870,Archäometrie (Ingenieurarchäologie),Archaeometry (Archaeological Engineering),08.680
08.690,Maschinenbau/Verfahrenstechnik,Mechanical Engineering / Process Engineering,08
08.690.6760,Automatisierungstechnik,Automation Technology,08.690
08.690.6900,Maschinenbau allgemein,Mechanical Engineering (general),08.690
08.690.6905,Bioverfahrenstechnik,Bioprocess Engineering,08.690
08.690.6907,Print- und Medientechnik,Print And Media Technology,08.690
08.690.6930,Energieverfahrenstechnik,Energy Process Engineering,08.690
08.690.6935,Logistik,Logistics,08.690
08.690.6940,Produktions- und Fertigungstechnologie,Production And Manufacturing Engineering,08.690
08.690.6945,Sicherheitstechnik,Security Technology,08.690
08.690.6950,Transport- und Verteiltechnik,Transport And Distribution Engineering,08.690
08.690.6955,Chemische Verfahrenstechnik,Chemical Process Engineering,08.690
08.690.6965,Versorgungs-/Entsorgungstechnik,Supply/disposal Technology,08.690
08.690.6970,"Steuerungs-, Mess- und Regelungstechnik","Control, Measurement And Regulation Technology",08.690
08.690.6975,Technische/angewandte Optik,Technical/applied Optics,08.690
08.690.6976,Textiltechnik,Textile Technology,08.690
08.690.6985,Umwelttechnik (einschl. Recycling),Environmental Technology (incl. Recycling),08.690
08.690.6995,Thermische Verfahrenstechnik,Thermal Process Engineering,08.690
08.690.7010,Medizintechnik,Medical Technology,08.690
08.690.7020,Physikalische Technik/Mechanische Verfahrenstechnik,Physical Engineering/Mechanical Process Engineering,08.690
08.690.7030,Kunststofftechnik,Plastics Engineering,08.690
08.690.7040,Holztechnik,Wood Technology,08.690
08.690.7190,Feinwerktechnik (mechanisch),Precision Engineering (mechanical),08.690
08.710,Elektrotechnik und Informationstechnik,Electrical And Computer Engineering,08
08.710.7100,Elektrotechnik allgemein,Electrical Engineering (general),08.710
08.710.7110,Allgemeine Elektrotechnik,General Electrical Engineering,08.710
08.710.7120,Elektrische Energietechnik,Electrical Power Engineering,08.710
08.710.7125,Feinwerktechnik (elektrisch),Precision Engineering (electrical),08.710
08.710.7130,Kommunikations- und Informationstechnik,Communication And Information Technology,08.710
08.710.7140,Mikrosystemtechnik,Microsystems Technology,08.710
08.710.7150,Optoelektronik,Optoelectronics,08.710
08.710.7155,"Steuerungs-, Mess- und Regelungstechnik (elektrisch)","Control, Measurement And Regulation Technology (Electrical)",08.710
08.710.7160,Mikro- und Nanoelektronik,Micro- And Nanoelectronics,08.710
08.710.7170,Sensorik und Messtechnik,Sensors And Measurement Technology,08.710
08.720,"Verkehrstechnik, Nautik","Transport Engineering, Nautical Science",08
08.720.7200,"Verkehrstechnik, Nautik allgemein","Transport Engineering, Nautical Science (General)",08.720
08.720.7210,Schiffsbetriebstechnik,Ship Operation Technology,08.720
08.720.7215,Verkehrsingenieurwesen,Transport Engineering,08.720
08.720.7220,"Schiffbau, Meerestechnik","Shipbuilding, Marine Engineering",08.720
08.720.7230,"Nautik, Seefahrt","Nautical Science, Maritime Navigation",08.720
08.720.7240,Fahrzeug- und Flugzeugbau,Vehicle And Aircraft Construction,08.720
08.720.7245,Fahrzeugtechnik,Vehicle Technology,08.720
08.720.7246,Luft- und Raumfahrttechnik,Aerospace Engineering,08.720
08.730,Architektur,Architecture,08
08.730.7300,Architektur allgemein,Architecture (general),08.730
08.730.7310,Grundlagen und Hilfswissenschaften der Architektur,Principles And Auxiliary Sciences Of Architecture,08.730
08.730.7320,Gestaltung und Darstellung,Design And Presentation,08.730
08.730.7330,Bautechnik und Baubetrieb,Civil Engineering And Construction,08.730
08.730.7335,Denkmalpflege (Architektur),Monument Conservation (Architecture),08.730
08.730.7340,Gebäudeplanung,Building Planning,08.730
08.730.7350,Baugeschichte,Building History,08.730
08.730.7390,Innenarchitektur,Interior Design,08.730
08.730.7395,Städtebau und Siedlungswesen,Urban Planning And Housing Development,08.730
08.740,Raumplanung,Spatial Planning,08
08.740.7400,Raumplanung allgemein,Room Planning (general),08.740
08.740.7410,Grundlagen der Raumplanung,Basics Of Spatial Planning,08.740
08.740.7420,Stadtplanung (Ortsplanung),Urban Planning (Town Planning),08.740
08.740.7430,Regional- und Landesplanung,Regional And National Planning,08.740
08.740.7440,Raumordnung,Spatial Planning (General),08.740
08.740.7450,Infrastrukturplanung,Infrastructure Planning,08.740
08.740.7460,Umweltschutz,Environmental Protection,08.740
08.750,Bauingenieurwesen,Civil Engineering,08
08.750.7500,Bauingenieurwesen allgemein,Civil Engineering (general),08.750
08.750.7510,Konstruktiver Ingenieurbau,Structural Engineering,08.750
08.750.7520,"Wasserbau, -wesen","Hydraulic Engineering, Hydroscience",08.750
08.750.7530,"Verkehrsbau, -wesen","Transport Engineering, Transport",08.750
08.750.7540,Baubetriebswesen/Baumanagement,Construction Engineering/Management,08.750
08.750.7550,Sonstige Bereiche des Bauingenieurwesens,Other Areas Of Civil Engineering,08.750
08.750.7560,Holzbau,Timber Construction,08.750
08.750.7570,Baustofftechnik,Building Materials Technology,08.750
08.750.7580,Bauinformatik,Construction Informatics,08.750
08.760,Vermessungswesen,Surveying,08
08.760.7600,Vermessungswesen allgemein,Surveying (general),08.760
08.760.7610,Kartographie,Cartography,08.760
08.760.7620,Photogrammetrie,Photogrammetry,08.760
08.765,Informatik,Computer Science,08
08.765.2990,Wirtschaftsinformatik (für Informatiker),Business Informatics (for Computer Scientists),08.765
08.765.3500,Informatik allgemein,Computer Science (general),08.765
08.765.3510,Theoretische Informatik,Theoretical Computer Science,08.765
08.765.3520,Angewandte Informatik,Applied Computer Science,08.765
08.765.3530,Ingenieurinformatik/Technische Informatik,Engineering Informatics/technical Informatics,08.765
08.765.3540,Bioinformatik,Bioinformatics,08.765
08.765.3550,Computer- und Kommunikationstechniken,Computer And Communication Technologies,08.765
08.765.3560,Künstliche Intelligenz,Artificial Intelligence,08.765
08.765.3570,Softwaretechnologie,Software Technology,08.765
08.770,Materialwissenschaft und Werkstofftechnik,Materials Science And Engineering,08
08.770.6990,Werkstofftechnik,Materials Engineering,08.770
08.770.7700,Materialwissenschaft,Materials Science,08.770
09,"Kunst, Kunstwissenschaft","Art, Art Theory",
09.780,"Kunst, Kunstwissenschaft allgemein","Art, Art Theory (General)",09
09.780.7800,"Kunst, Kunstwissenschaften allgemein","Art, Art Theory (General)",09.780
09.780.7810,Kunstgeschichte,Art History,09.780
09.780.7820,Kunsterziehung,Art Education,09.780
09.780.7830,Restaurierungskunde,Restoration,09.780
09.780.7840,Kunsttherapie,Art Therapy,09.780
09.790,Bildende Kunst,Visual Arts,09
09.790.7900,Bildende Kunst allgemein,Fine Arts (general),09.790
09.790.7920,Malerei,Painting,09.790
09.790.7930,"Plastik, Bildhauerei",Sculpture,09.790
09.790.7940,Graphik,Graphic Arts,09.790
09.790.7950,"Aktionen, Performance, Environment, Fotografie","Actions, Performance, Environment, Photography",09.790
09.790.7960,Neue Medien,New Media,09.790
09.800,Gestaltung,Design (General),09
09.800.8000,Gestaltung allgemein,Design (general),09.800
09.800.8010,Industriedesign/Produktgestaltung,Industrial Design/product Design,09.800
09.800.8020,Modedesign,Fashion Design,09.800
09.800.8030,Visuelle Kommunikation,Visual Communication,09.800
09.800.8035,Werkerziehung (Gestaltung),Handicraft Training (design),09.800
09.800.8040,Textildesign,Textile Design,09.800
09.800.8050,Angewandte Kunst,Applied Arts,09.800
09.800.8060,"Bühnenbild, Kostüm","Stage Design, Costumes",09.800
09.800.8070,"Designtheorie, -geschichte","Design Theory, Design History",09.800
09.800.8075,Edelstein- und Schmuckdesign,Gem And Jewelry Design,09.800
09.800.8076,Graphikdesign/Kommunikationsgestaltung,Graphic Design/communication Design,09.800
09.820,"Darst. Kunst, Film und Fernsehen, Theaterwissenschaft","Performing Arts, Film And Television, Theater Studies",09
09.820.8200,"Darst. Kunst, Film und Fernsehen, Theaterwissenschaft allgemein","Performing Arts, Film And Television, Theater Studies In General",09.820
09.820.8210,Darstellende Kunst,Performing Arts,09.820
09.820.8220,Schauspiel,Acting,09.820
09.820.8225,Tanzwissenschaft,Dance Studies,09.820
09.820.8230,Regie,Directing,09.820
09.820.8240,Theaterwissenschaft,Theater Studies,09.820
09.820.8250,Film und Fernsehen,Movie And Tv,09.820
09.820.8270,Musiktheater,Musical Theater,09.820
09.820.8275,"Produktionswirtschaft im Bereich Darst. Kunst, Theater, Film und Fernsehen","Production Management In The Field Of Performing Arts, Theatre, Film And Television",09.820
09.830,"Musik, Musikwissenschaft","Music, Musicology",09
09.830.8300,"Musik, Musikwissenschaft allgemein","Music, Musicology (General)",09.830
09.830.8310,Instrumentalmusik,Instrumental Music,09.830
09.830.8315,Jazz und Popularmusik,Jazz And Popular Music,09.830
09.830.8320,Gesang,Singing,09.830
09.830.8325,Kirchenmusik,Church Music,09.830
09.830.8330,Komposition,Composition,09.830
09.830.8340,Dirigieren,Conducting,09.830
09.830.8350,"Musikwissenschaft, -geschichte","Musicology, History Of Music",09.830
09.830.8360,Musikerziehung,Music Education,09.830
09.830.8363,Orchestermusik,Orchestral Music,09.830
09.830.8364,Rhythmik,Rhythm,09.830
09.830.8365,Sonstige Musikpraxis,Other Music Practice,09.830
10,Außerhalb der Studienbereichsgliederung/Sonstige Fächer,Unclassified Fields/Other Subjects,
15,Zentrale Einrichtungen (ohne klinikspezifische Einrichtungen),Central Facilities (excluding Hospital-specific Facilities),
15.850,Zentrale Einrichtungen der Berufsakademien,Central Facilities of Cooperative Education Institutions,15
15.870,Hochschule insgesamt,University Overall,15
15.870.8700,Hochschule allgemein,University (general),15.870
15.870.8710,Nicht zugeteilte Stellen/Räume/Mittel,Unallocated Posts/rooms/funds,15.870
15.870.8720,Nicht nutzbare Räume,Unusable Rooms,15.870
15.870.8730,Hochschulkommission,Higher Education Commission,15.870
15.880,Zentrale Hochschulverwaltung,Central University Administration (General),15
15.880.8800,Allgemeine Hochschulverwaltung,General University Administration,15.880
15.880.8805,Akademische Selbstverwaltung,Academic Self-administration,15.880
15.880.8806,"Personalvertretung einschl. Vertr. für Datenschutz, Behinderte, etc.","Staff Representation Including Representatives For Data Protection, Disabled People, Women, Etc.",15.880
15.880.8810,Fakultäts-/Fachbereichsverwaltung,Faculty/department Administration,15.880
15.880.8820,Studentische Selbstverwaltung,Student Self Government,15.880
15.880.8830,Zentrale Studienberatung,Central Student Advisory Service,15.880
15.890,Zentral verwaltete Hörsäle und Lehrräume,Centrally Managed Lecture Halls And Classrooms,15
15.890.8600,Hörsaal/Lehrraum,Lecture Hall/teaching Room,15.890
15.900,Zentralbibliothek,Central Library,15
15.900.9000,Bibliothek,Library,15.900
15.900.9050,Archiv,Archive,15.900
15.910,Hochschulrechenzentrum,University Computer Center,15
15.910.9100,Rechenzentrum,Data Center,15.910
15.920,Zentrale wissenschaftliche Einrichtungen,Central Scientific Institutions,15
15.920.9200,Zentrale wissenschaftliche Einrichtungen allgemein,Central Scientific Institutions (general),15.920
15.920.9210,Sprachenzentrum,Language Center,15.920
15.920.9220,Sprachlabor,Language Lab,15.920
15.920.9230,Akademisches Auslandsamt,International Office,15.920
15.920.9240,Tierversuchsanlage,Animal Testing Facility,15.920
15.920.9250,Strahlenlabor,Radiation Laboratory,15.920
15.920.9260,Wissenschaftliche/Künstlerische Werkstätten,Scientific/artistic Workshops,15.920
15.920.9280,Forschungs-/Technologie-/Transferstellen,Research/technology/transfer Offices,15.920
15.920.9290,Weiterbildungszentrum,Adult Education Centre,15.920
15.930,Zentrale Betriebs- und Versorgungseinrichtungen,Central Operating And Supply Facilities,15
15.930.9300,Zentrale Betriebs- und Versorgungseinrichtungen allgemein,Central Operating And Supply Facilities (general),15.930
15.930.9305,"Arbeitssicherheit, Feuerwehr","Occupational Safety, Fire Brigade",15.930
15.930.9310,Hausverwaltung,Property Management,15.930
15.930.9320,"Foto-, Reprostelle",Photo And Repro Workshop,15.930
15.930.9330,Zentrale Betriebswerkstätten,Central Academic Facilities,15.930
15.930.9340,Materialversorgungslager der Hochschule,Material Supply Warehouse Of The University,15.930
15.930.9350,Fahrbereitschaft,Readiness To Drive,15.930
15.930.9360,Versorgungseinrichtungen,Utility Facilities,15.930
15.940,Soziale Einrichtungen,Social Facilities,15
15.940.9400,Soziale Einrichtungen allgemein,Social Institutions (general),15.940
15.940.9410,Wohnung/Gästehaus,Apartment/guest House,15.940
15.940.9420,Wohnheim,Dorm,15.940
15.940.9430,Sonstige soziale Einrichtungen,Other Social Facilities,15.940
15.950,Übrige Ausbildungseinrichtungen,Other Training Facilities,15
15.950.9500,Übrige Ausbildungseinrichtungen allgemein,Other Training Facilities (General),15.950
15.950.9510,Studienkolleg,Preparatory College,15.950
15.950.9520,Schulen für nichtakademische Ausbildungsgänge,Schools For Non-academic Training Programmes,15.950
15.950.9530,Sonstige Bildungseinrichtungen,Other Educational Institutions,15.950
15.950.9540,Sportstätten,Sports Facilities,15.950
15.960,Mit der Hochschule verbundene sowie hochschulfremde Einrichtungen,Institutions Affiliated With The University And Non-university Institutions,15
15.960.9600,Mit der Hochschule verbundene Einrichtungen allgemein,Institutions Associated With The University (general),15.960
15.960.9610,Studentenwerk,Student Union,15.960
15.960.9620,Staatliche Prüfungsämter,State Examination Offices,15.960
15.960.9630,Max-Planck-Institute,Max Planck Institutes,15.960
15.960.9640,Materialprüfungsanstalten,Material Testing Institutes,15.960
15.960.9650,Einrichtungen des öffentlichen Gesundheitswesens,Public Health Care Facilities,15.960
15.960.9660,Hochschulbauamt,Office Of Higher Education Construction,15.960
15.960.9665,Kirchliche Prüfungsämter,Ecclesiastical Examination Offices,15.960
15.960.9670,Landesanstalten,State Institutions,15.960
15.960.9675,Fraunhofer-Institute,Fraunhofer Institutes,15.960
15.960.9680,Sonstige hochschulfremde Institutionen,Other Non-university Institutions,15.960
20,Zentrale Einrichtungen der Hochschulkliniken (nur Humanmedizin),Central Facilities Of The University Clinics (only Human Medicine),
20.970,"Kliniken insgesamt, Zentrale Dienste","Hospitals As A Whole, Central Services",20
20.970.8900,Zentrale Dienste der Kliniken allgemein,Central Services Of The Clinics (general),20.970
20.970.8905,"Ambulanz, Konsiliardienst","Outpatient Services, Consultations",20.970
20.970.8910,Klinikverwaltung (einschl. Rechenzentrum),Clinic Administration (including Data Center),20.970
20.970.8915,Pflegedienst,Nursing Service,20.970
20.970.8920,Zentrale Blutbank,Central Blood Bank,20.970
20.970.8930,Apotheke,Pharmacy,20.970
20.970.8940,"Reinigung, Wäsche, Sterilisation","Cleaning, Laundry, Sterilization",20.970
20.970.8950,Zentrallabor,Central Laboratory,20.970
20.970.9710,Zentral verwaltete Hörsäle und Lehrräume,Centrally Managed Lecture Halls And Classrooms,20.970
20.970.9720,Zentrale wissenschaftliche Einrichtungen (einschl. Bibliothek),Central Academic Facilities (including The Library),20.970
20.970.9730,"Energie, Wasser, Transport","Energy, Water, Transportation",20.970
20.970.9740,Werkstätten,Workshops,20.970
20.980,Soziale Einrichtungen der Kliniken,Social Facilities Of The Clinics,20
20.980.9800,Soziale Einrichtungen der Kliniken allgemein,Social Facilities Of The Clinics (general),20.980
20.980.9805,"Sozialdienst, Patientenbetreuung","Social Service, Patient Care",20.980
20.980.9810,Krankenhausseelsorge,Hospital Chaplaincy,20.980
20.980.9815,Patientenbücherei,Patient Library,20.980
20.980.9820,Dienstwohnungen,Service Apartments,20.980
20.980.9825,Wohnheime,Dormitories,20.980
20.980.9830,Kindergarten,Kindergarten,20.980
20.986,Übrige Ausbildungseinrichtungen der Kliniken,Other Training Facilities Of The Clinics,20
20.986.9860,Schulen für nichtakademische Ausbildungsgänge,Schools for Non-Academic Vocational Training,20.986
20.990,Mit den Kliniken verbundene sowie klinikfremde Einrichtungen,Facilities Associated With And External To The Clinics,20
20.990.9900,Mit den Kliniken verbundene Einrichtungen allgemein,Facilities Associated With The Clinics (general),20.990
20.990.9910,Öffentliches Gesundheitswesen (z.B. Blutalkoholunters.),Public Health Services (e.g. blood alcohol tests),20.990
20.990.9920,Blutbank anderer Träger,Blood Bank Of Other Carriers,20.990
20.990.9930,"Geschäft, Gaststätte, Bank, Friseur","Shop, Restaurant, Bank, Hairdresser",20.990
